<?xml version="1.0" encoding="utf-8"?>
<!DOCTYPE TEI.2 PUBLIC "-//IA Books//DTD TEI for Indiana Authors Books//EN" "teixlite.dtd" [
<!NOTATION JPG SYSTEM "JPEG">
<!ENTITY VAA2376-1 SYSTEM "figures/VAA2376-1.jpg" NDATA JPG>
<!ENTITY VAA2376-2 SYSTEM "figures/VAA2376-2.jpg" NDATA JPG>
<!ENTITY VAA2376-3 SYSTEM "figures/VAA2376-3.jpg" NDATA JPG>
<!ENTITY VAA2376-4 SYSTEM "figures/VAA2376-4.jpg" NDATA JPG>
<!ENTITY VAA2376-5 SYSTEM "figures/VAA2376-5.jpg" NDATA JPG>
<!ENTITY VAA2376-6 SYSTEM "figures/VAA2376-6.jpg" NDATA JPG>
<!ENTITY VAA2376-7 SYSTEM "figures/VAA2376-7.jpg" NDATA JPG>
<!ENTITY VAA2376-8 SYSTEM "figures/VAA2376-8.jpg" NDATA JPG>
<!ENTITY VAA2376-9 SYSTEM "figures/VAA2376-9.jpg" NDATA JPG>
<!ENTITY VAA2376-10 SYSTEM "figures/VAA2376-10.jpg" NDATA JPG>
<!ENTITY VAA2376-11 SYSTEM "figures/VAA2376-11.jpg" NDATA JPG>
<!ENTITY VAA2376-12 SYSTEM "figures/VAA2376-12.jpg" NDATA JPG>
<!ENTITY VAA2376-13 SYSTEM "figures/VAA2376-13.jpg" NDATA JPG>
<!ENTITY VAA2376-14 SYSTEM "figures/VAA2376-14.jpg" NDATA JPG>
<!ENTITY VAA2376-15 SYSTEM "figures/VAA2376-15.jpg" NDATA JPG>
<!ENTITY VAA2376-16 SYSTEM "figures/VAA2376-16.jpg" NDATA JPG>
<!ENTITY VAA2376-17 SYSTEM "figures/VAA2376-17.jpg" NDATA JPG>
<!ENTITY VAA2376-18 SYSTEM "figures/VAA2376-18.jpg" NDATA JPG>
<!ENTITY VAA2376-19 SYSTEM "figures/VAA2376-19.jpg" NDATA JPG>
]>
<TEI.2 id="VAA2376">
    <teiHeader>
        <fileDesc>
            <titleStmt>
                <title>An Old Sweetheart of Mine: electronic edition</title>
            </titleStmt>
            <publicationStmt>
                <publisher>Digital Library Program, Indiana University</publisher>
                <pubPlace>Bloomington, IN</pubPlace>
                <address>
                    <addrLine>1320 E. 10th St.</addrLine>
                    <addrLine>Bloomington, IN 47405</addrLine>
                </address>
                <idno>VAA2376</idno>
                <availability status="unknown">
                    <p>Copyright 2008 Trustees of Indiana University</p>
                    <p>Indiana University provides the information contained on this web site for
                        non-commercial, personal, or research use only. All other use, including but
                        not limited to commercial or scholarly reproductions, redistribution,
                        publication or transmission, whether by electronic means or otherwise,
                        without prior written permission of the copyright holder is strictly
                        prohibited.</p>
                </availability>
                <date>2007</date>
            </publicationStmt>
            <sourceDesc>
                <biblFull><titleStmt>
                    <title type="main">An Old Sweetheart of Mine</title>
                    <author id="ina-v1-entry-0726">Riley, James Whitcomb, 1849-1916</author></titleStmt>
                    <publicationStmt>
                        <publisher>Grosset &amp; Dunlap</publisher>
                        <pubPlace>[S.l.]</pubPlace>
                        <date>1902</date>
                    </publicationStmt>
                </biblFull>
            </sourceDesc>
        </fileDesc>

        <encodingDesc>
            <projectDesc>
                <p>The Digital Library Program was awarded a Library Services and Technology Act (LSTA)
                    grant in 2005 to make available online the three-volume, reference work, <title>Indiana Authors 
                        and Their Books</title> along with selected monographs by Indiana authors.
                </p>
            </projectDesc>
            <editorialDecl n="3">
                <p>This electronic text file was created by Optical Character Recognition (OCR), and
                    has been encoded and edited using the recommendations for Level 3 of the TEI in
                    Libraries Guidelines following the TEI Lite standard. Digital page images are
                    linked to the text file.</p>
            </editorialDecl>
            <tagsDecl>
                <tagUsage gi="div1">Numbered divs used.</tagUsage>
            </tagsDecl>
            <classDecl>
                <taxonomy id="lcsh">
                    <bibl>
                        <title>Library of Congress Subject Headings</title>
                    </bibl>
                </taxonomy>
            </classDecl>
        </encodingDesc>
        <profileDesc>
            <langUsage>
                <language>English</language>
            </langUsage>
        </profileDesc>
        <revisionDesc>
            <change>
                <date>2008-03-04</date>
                <respStmt>
                    <name>Annette D. Richmond</name>
                    <resp>Encoder</resp>
                </respStmt>
                <item>Corrected teiHeader, pb tags, front matter, div locations.</item>
            </change>
        </revisionDesc>
    </teiHeader>
    <text>
        <front>
            <pb id="VAA2376-001" n="[]"/>
            <pb id="VAA2376-002" n="[]"/>
            <pb id="VAA2376-003" n="[]"/>
            <pb id="VAA2376-004" n="[]"/>
            <div1 type="halftitle">
                <head>An Old<lb/> Sweetheart of Mine</head>
                <p/>
            </div1>
            <pb id="VAA2376-005" n="[]"/>
            <pb id="VAA2376-006" n="[]"/>
            <pb id="VAA2376-007" n="[]"/>
            <div1 type="frontispiece">
                <head type="supplied">Frontispiece</head>
                <figure entity="VAA2376-1"/>
                <p/>
            </div1>
            <pb id="VAA2376-008" n="[]"/>
            <titlePage>
                <docTitle>
                    <titlePart type="main">An Old<lb/> Sweetheart of Mine</titlePart>
                </docTitle>
                <byline><docAuthor>James Whitcomb Riley</docAuthor><lb/> Drawings by<lb/> Howard
                    Chandler Christy<lb/> Decorations by<lb/> Virginia Keep</byline>
                <docImprint>
                    <publisher>Grosset &amp; Dunlap<lb/> Publishers</publisher>
                </docImprint>
            </titlePage>
            <pb id="VAA2376-009" n="[]"/>
            <div1 type="verso">
                <p rend="center">Copyright, 1888--1899--1902<lb/> James Whitcomb Riley</p>
                <p rend="center">Copyright, 1902<lb/> The Bowen-Merrill Company</p>
            </div1>
            <pb id="VAA2376-010" n="[]"/>
            <div1 type="halftitle">
                <head>An Old<lb/> Sweetheart of Mine</head>
                <p/>
            </div1>
            <pb id="VAA2376-011" n="[]"/>
            <div1 type="dedication">
                <head>I<hi rend="sc">NSCRIBED</hi>
                    <lb/> To GEORGE C. HITT</head>
                <p>The beginning of whose steadfast friendship was marked by the first publication
                    of these verses which now, expanded by writer, honored by publisher and
                    masterfully graced by artist, seem to be a worthier symbol of the
                    author&apos;s grateful and affectionate regard for his earliest friend</p>
            </div1>
            <pb id="VAA2376-012" n="[]"/>
            <div1 type="figures">
                <head>List of Illustrations</head>
                <list type="simple">
                    <item>I Frontispiece--An Old Sweetheart of Mine.</item>
                    <item>II A fair, illusive vision that would vanish into air</item>
                    <item>III The <hi rend="i">then</hi> of changeless sunny daysThe <hi rend="i"
                            >now</hi> of shower and shine</item>
                    <item>IV The old bookshelves and prints along the wall</item>
                    <item>V I find the smiling features of an old sweetheart of mine</item>
                    <item>VI Its fate with my tobacco and to vanish with the smoke</item>
                    <pb id="VAA2376-013" n="[]"/>
                    <item>VII When my truant fancies wander with that old sweetheart of mine</item>
                    <item>VIII The voices of my children and the mother as she sings</item>
                    <item>IX For I find an extra flavor in Memory&apos;s mellow wine</item>
                    <item>X O childhood days enchanted! O the magic of the spring</item>
                    <item>XI Tosmile, behind my lesson, at that old sweetheart of mine</item>
                    <item>XII A face of lily-beauty, with a form of airy grace</item>
                    <pb id="VAA2376-014" n="[]"/>
                    <item>XIII When first I kissed her, and she answered the caress</item>
                    <item>XIV I slipped the apple in itand the teacher didn&apos;t know</item>
                    <item>XV She gave me her <hi rend="i">photograph,</hi> and printed
                        &quot;Ever Thine&quot;</item>
                    <item>XVI And again I feel the pressure of her slender little hand</item>
                    <item>XVII Where the vines were ever fruited, and the weather ever fine</item>
                    <item>XVIII And she my faithful sweetheart till the golden hair was gray</item>
                    <item>XIX The door is softly opened, andmy wife is standing there</item>
                </list>
            </div1>
        </front>
        <body>
            <pb id="VAA2376-015" n="[]"/>
            <div1 type="book">
                <head type="supplied">An Old Sweetheart of Mine</head>
                <div2 type="poem">
                    <head type="supplied">Poem</head>
                    <lg>
                        <l n="1">
                            <hi rend="i">The ordered intermingling</hi>
                        </l>
                        <l n="2" rend="ti-1">
                            <hi rend="i">of the real and the dream,</hi>
                        </l>
                        <l n="3">
                            <hi rend="i">The mill above the river,</hi>
                        </l>
                        <l n="4" rend="ti-1">
                            <hi rend="i">and the mist above the stream;</hi>
                        </l>
                    </lg>
                    <lg>
                        <l n="5">
                            <hi rend="i">The life of ceaseless labor,</hi>
                        </l>
                        <l n="6" rend="ti-1">
                            <hi rend="i">brave with song and cheery call</hi>
                        </l>
                        <l n="7">
                            <hi rend="i">The radiant skies of evening,</hi>
                        </l>
                        <l n="8" rend="ti-1">
                            <hi rend="i">with its rainbow o&apos;er us all.</hi>
                        </l>
                    </lg>
                </div2>
                <pb id="VAA2376-016" n="[]"/>
                <div2 type="poem">
                    <head type="supplied">Poem</head>
                    <lg>
                        <l n="9">An Old Sweetheart of Mine--Is this</l>
                        <l n="10" rend="ti-1">her presence here with me,</l>
                        <l n="11">Or but a vain creation of</l>
                        <l n="12" rend="ti-1">a lover&apos;s memory?--</l>
                    </lg>
                    <pb id="VAA2376-017" n="[]"/>
                    <lg>
                        <l n="13">A fair, illusive vision</l>
                        <l n="14" rend="ti-1">that would vanish into air</l>
                        <l n="15">Dared I even touch the silence</l>
                        <l n="16" rend="ti-1">with the whisper of a prayer?</l>
                    </lg>
                    <pb id="VAA2376-018" n="[]"/>
                    <figure entity="VAA2376-2"/>
                    <pb id="VAA2376-019" n="[]"/>
                    <lg>
                        <l n="17">Nay, let me then believe in all</l>
                        <l n="18" rend="ti-1">the blended false and true--</l>
                        <l n="19">The semblance of the <hi rend="i">old</hi> love</l>
                        <l n="20" rend="ti-1">and the substance of the <hi rend="i">new,--</hi>
                        </l>
                    </lg>
                    <pb id="VAA2376-020" n="[]"/>
                    <lg>
                        <l n="21">The <hi rend="i">then</hi> of changeless sunny days--</l>
                        <l n="22" rend="ti-1">the <hi rend="i">now</hi> of shower and shine--</l>
                        <l n="23">But Love forever smiling--</l>
                        <l n="24" rend="ti-1">as that old sweetheart of mine.</l>
                    </lg>
                    <pb id="VAA2376-021" n="[]"/>
                    <figure entity="VAA2376-3"/>
                    <pb id="VAA2376-022" n="[]"/>
                    <lg>
                        <l n="25">This ever-restful sense of <hi rend="i">home,</hi>
                        </l>
                        <l n="26" rend="ti-1">though shouts ring in the hall,--</l>
                        <l n="27">The easy-chair--the old bookshelves</l>
                        <l n="28" rend="ti-1">and prints along the wall;</l>
                    </lg>
                    <pb id="VAA2376-023" n="[]"/>
                    <lg>
                        <l n="29">The rare <hi rend="i">Habanas</hi> in their box,</l>
                        <l n="30" rend="ti-1">or gaunt churchwarden-stem</l>
                        <l n="31">That often wags, above the jar,</l>
                        <l n="32" rend="ti-1">derisively at them.</l>
                    </lg>
                    <pb id="VAA2376-024" n="[]"/>
                    <figure entity="VAA2376-4"/>
                    <pb id="VAA2376-025" n="[]"/>
                    <lg>
                        <l n="33">As one who cons at evening</l>
                        <l n="34" rend="ti-1">o&apos;er an album, all alone,</l>
                        <l n="35">And muses on the faces</l>
                        <l n="36" rend="ti-1">of the friends that he has known,</l>
                    </lg>
                    <pb id="VAA2376-026" n="[]"/>
                    <lg>
                        <l n="37">So I turn the leaves of fancy,</l>
                        <l n="38" rend="ti-1">till, in shadowy design,</l>
                        <l n="39">I find the smiling features of</l>
                        <l n="40" rend="ti-1">an old sweetheart of mine.</l>
                    </lg>
                    <pb id="VAA2376-027" n="[]"/>
                    <figure entity="VAA2376-5"/>
                    <pb id="VAA2376-028" n="[]"/>
                    <lg>
                        <l n="41">The lamplight seems to glimmer</l>
                        <l n="42" rend="ti-1">with a flicker of surprise,</l>
                        <l n="43">As I turn it low--to rest me</l>
                        <l n="44" rend="ti-1">of the dazzle in my eyes,</l>
                    </lg>
                    <pb id="VAA2376-029" n="[]"/>
                    <lg>
                        <l n="45">And light my pipe in silence,</l>
                        <l n="46" rend="ti-1">save a sigh that seems to yoke</l>
                        <l n="47">Its fate with my tobacco</l>
                        <l n="48" rend="ti-1">and to vanish with the smoke.</l>
                    </lg>
                    <pb id="VAA2376-030" n="[]"/>
                    <figure entity="VAA2376-6"/>
                    <pb id="VAA2376-031" n="[]"/>
                    <lg>
                        <l n="49">&apos;Tis a <hi rend="i">fragant</hi> retrospection,--</l>
                        <l n="50" rend="ti-1">for the loving thoughts that start</l>
                        <l n="51">Into being are like perfume</l>
                        <l n="52" rend="ti-1">from the blossom of the heart;</l>
                    </lg>
                    <pb id="VAA2376-032" n="[]"/>
                    <lg>
                        <l n="53">And to dream the old dreams over</l>
                        <l n="54" rend="ti-1">is a luxury divine--</l>
                        <l n="55">When my truant fancies wander</l>
                        <l n="56" rend="ti-1">with that old sweetheart of mine.</l>
                    </lg>
                    <pb id="VAA2376-033" n="[]"/>
                    <figure entity="VAA2376-7"/>
                    <pb id="VAA2376-034" n="[]"/>
                    <lg>
                        <l n="57">Though I hear beneath my study,</l>
                        <l n="58" rend="ti-1">like a fluttering of wings,</l>
                        <l n="59">The voices of my children</l>
                        <l n="60" rend="ti-1">and the mother as she sings--</l>
                    </lg>
                    <pb id="VAA2376-035" n="[]"/>
                    <lg>
                        <l n="61">I feel no twinge of conscience</l>
                        <l n="62" rend="ti-1">to deny me any theme</l>
                        <l n="63">When Care has cast her anchor</l>
                        <l n="64" rend="ti-1">in the harbor of a dream--</l>
                    </lg>
                    <pb id="VAA2376-036" n="[]"/>
                    <figure entity="VAA2376-8"/>
                    <pb id="VAA2376-037" n="[]"/>
                    <lg>
                        <l n="65">In fact, to speak in earnest,</l>
                        <l n="66" rend="ti-1">I believe it adds a charm</l>
                        <l n="67">To spice the good a trifle</l>
                        <l n="68" rend="ti-1">with a little dust of harm,--</l>
                    </lg>
                    <pb id="VAA2376-038" n="[]"/>
                    <lg>
                        <l n="69">For I find an extra flavor</l>
                        <l n="70" rend="ti-1">in Memory&apos;s mellow wine</l>
                        <l n="71">That makes me drink the deeper</l>
                        <l n="72" rend="ti-1">to that old sweetheart of mine.</l>
                    </lg>
                    <pb id="VAA2376-039" n="[]"/>
                    <figure entity="VAA2376-9"/>
                    <pb id="VAA2376-040" n="[]"/>
                    <lg>
                        <l n="73">O childhood-days enchanted!</l>
                        <l n="74" rend="ti-1">O the magic of the Spring!--</l>
                        <l n="75">With all green boughs</l>
                        <l n="76" rend="ti-2">to blossom white,</l>
                        <l n="77" rend="ti-1">and all bluebirds to sing!</l>
                    </lg>
                    <pb id="VAA2376-041" n="[]"/>
                    <lg>
                        <l n="78">When all the air, to toss and quaff,</l>
                        <l n="79" rend="ti-1">made life a jubilee</l>
                        <l n="80">And changed the children&apos;s song</l>
                        <l n="81" rend="ti-1">and laugh to shrieks of ecstasy.</l>
                    </lg>
                    <pb id="VAA2376-042" n="[]"/>
                    <figure entity="VAA2376-10"/>
                    <pb id="VAA2376-043" n="[]"/>
                    <lg>
                        <l n="82">With eyes half closed</l>
                        <l n="83" rend="ti-2">in clouds that ooze</l>
                        <l n="84" rend="ti-1">from lips that taste, as well,</l>
                        <l n="85">The peppermint and cinnamon,</l>
                        <l n="86" rend="ti-1">I hear the old School-bell,</l>
                    </lg>
                    <pb id="VAA2376-044" n="[]"/>
                    <lg>
                        <l n="87">A face of lily-beauty,</l>
                        <l n="88" rend="ti-1">with a form of airy grace,</l>
                        <l n="89">Floats out of my tobacco</l>
                        <l n="90" rend="ti-1">as the &quot;Genii&quot; from the vase;</l>
                    </lg>
                    <pb id="VAA2376-045" n="[]"/>
                    <lg>
                        <l n="91">And I thrill beneath the glances</l>
                        <l n="92" rend="ti-1">of a pair of azure eyes</l>
                        <l n="93">As glowing as the summer</l>
                        <l n="94" rend="ti-1">and as tender as the skies.</l>
                    </lg>
                    <pb id="VAA2376-046" n="[]"/>
                    <figure entity="VAA2376-11"/>
                    <pb id="VAA2376-047" n="[]"/>
                    <lg>
                        <l n="95">I can see the pink sunbonnet</l>
                        <l n="96" rend="ti-1">and the little, checkered dress</l>
                        <l n="97">She wore when first I kissed her--</l>
                        <l n="98" rend="ti-1">and she answered the caress</l>
                    </lg>
                    <pb id="VAA2376-048" n="[]"/>
                    <lg>
                        <l n="99">With the written declaration that,</l>
                        <l n="100" rend="ti-1">&quot;As surely as the vine</l>
                        <l n="101">Grew &apos;round the stump,&quot; she loved me--</l>
                        <l n="102" rend="ti-1">that old sweetheart of mine.</l>
                    </lg>
                    <pb id="VAA2376-049" n="[]"/>
                    <figure entity="VAA2376-12"/>
                    <pb id="VAA2376-050" n="[]"/>
                    <lg>
                        <l n="103">Again I make her presents,</l>
                        <l n="104" rend="ti-1">in a really helpless way,--</l>
                        <l n="105">The big &quot;Rhode Island Greening&quot;--</l>
                        <l n="106" rend="ti-1">(I was hungry too, that day!)--</l>
                    </lg>
                    <pb id="VAA2376-051" n="[]"/>
                    <lg>
                        <l n="107">But I follow her from Spelling,</l>
                        <l n="108" rend="ti-1">with her hand behind her--so--</l>
                        <l n="109">And I slip the apple in it--</l>
                        <l n="110" rend="ti-1">and the Teacher doesn&apos;t know!</l>
                    </lg>
                    <pb id="VAA2376-052" n="[]"/>
                    <figure entity="VAA2376-14"/>
                    <pb id="VAA2376-053" n="[]"/>
                    <lg>
                        <l n="111">I give my <hi rend="i">treasures</hi> to her--all,--</l>
                        <l n="112" rend="ti-1">my pencil--blue-and-red;--</l>
                        <l n="113">And, if little girls played marbles,</l>
                        <l n="114" rend="ti-1">
                            <hi rend="i">mine</hi> should all be <hi rend="i">hers,</hi>
                        instead!--</l>
                    </lg>
                    <pb id="VAA2376-054" n="[]"/>
                    <lg>
                        <l n="115">But <hi rend="i">she</hi> gave me her <hi rend="i"
                            >photograph,</hi>
                        </l>
                        <l n="116" rend="ti-1">and printed &quot;Ever Thine&quot;</l>
                        <l n="117">Across the back--in blue-and-red--</l>
                        <l n="118" rend="ti-1">that old sweetheart of mine!</l>
                    </lg>
                    <pb id="VAA2376-055" n="[]"/>
                    <figure entity="VAA2376-15"/>
                    <pb id="VAA2376-056" n="[]"/>
                    <lg>
                        <l n="119">And again I feel the pressure</l>
                        <l n="120" rend="ti-1">of her slender little hand,</l>
                        <l n="121">As we used to talk together</l>
                        <l n="122" rend="ti-1">of the future we had planned,--</l>
                    </lg>
                    <pb id="VAA2376-057" n="[]"/>
                    <lg>
                        <l n="123">When I should be a poet,</l>
                        <l n="124" rend="ti-1">and with nothing else to do</l>
                        <l n="125">But write the tender verses</l>
                        <l n="126" rend="ti-1">that she set the music to ...</l>
                    </lg>
                    <pb id="VAA2376-058" n="[]"/>
                    <figure entity="VAA2376-16"/>
                    <pb id="VAA2376-059" n="[]"/>
                    <lg>
                        <l n="127">When we should live together</l>
                        <l n="128" rend="ti-1">in a cozy little cot</l>
                        <l n="129">Hid in a nest of roses,</l>
                        <l n="130" rend="ti-1">with a fairy garden-spot,</l>
                    </lg>
                    <pb id="VAA2376-060" n="[]"/>
                    <lg>
                        <l n="131">Where the vines were ever fruited</l>
                        <l n="132" rend="ti-1">and the weather ever fine,</l>
                        <l n="133">And the birds were ever singing</l>
                        <l n="134" rend="ti-1">for that old sweetheart of mine ...</l>
                    </lg>
                    <pb id="VAA2376-061" n="[]"/>
                    <figure entity="VAA2376-17"/>
                    <pb id="VAA2376-062" n="[]"/>
                    <lg>
                        <l n="135">When I should be her lover</l>
                        <l n="136" rend="ti-1">forever and a day,</l>
                        <l n="137">And she my faithful sweetheart</l>
                        <l n="138" rend="ti-1">till the golden hair was gray;</l>
                    </lg>
                    <pb id="VAA2376-063" n="[]"/>
                    <lg>
                        <l n="139">And we should be so happy</l>
                        <l n="140" rend="ti-1">that when either&apos;s lips were dumb</l>
                        <l n="141">They would not smile in Heaven</l>
                        <l n="142" rend="ti-1">till the other&apos;s kiss had come.</l>
                    </lg>
                    <pb id="VAA2376-064" n="[]"/>
                    <figure entity="VAA2376-18"/>
                    <pb id="VAA2376-065" n="[]"/>
                    <lg>
                        <l n="143">But, ah! my dream is broken</l>
                        <l n="144" rend="ti-1">by a step upon the stair,</l>
                        <l n="145">And the door is softly opened,</l>
                        <l n="146" rend="ti-1">and--my wife is standing there:</l>
                    </lg>
                    <pb id="VAA2376-066" n="[]"/>
                    <lg>
                        <l n="147">Yet with eagerness and rapture</l>
                        <l n="148" rend="ti-1">all my visions I resign,--</l>
                        <l n="149">To greet the <hi rend="i">living</hi> presence</l>
                        <l n="150" rend="ti-1">Of that old sweetheart of mine.</l>
                    </lg>
                    <pb id="VAA2376-067" n="[]"/>
                    <figure entity="VAA2376-19"/>
                    <pb id="VAA2376-068" n="[]"/>
                    <pb id="VAA2376-069" n="[]"/>
                    <pb id="VAA2376-070" n="[]"/>
                </div2>
            </div1>
        </body>
    </text>
</TEI.2>